type,n_sample,fruit_length_mm,fruit_width_mm,height_mm,total_wt ,seed_wt,ratio total_seed_wt ,seed_length,seed_width,penetrom_husk,max_husk_thickness,min_husk_thickness,time_retrieve,time_dehusk,time_process_seed,seed_volume_cm³,acess_time_(ps+dh),note_type_data source,notes observations
floating _not_eaten ,1,105.60,93.00,73.80,345.00,NA,NA,NA,NA,4.00,NA,NA,NA,NA,NA,NA,NA,"floating - not eaten. Plant Meas, p. 2",p. 61 has meas for rodent incisors for 4 macucu fruits  
floating _not_eaten ,2,103.60,94.70,89.10,350.00,NA,NA,NA,NA,4.30,NA,NA,NA,NA,NA,NA,NA,"floating - not eaten. Plant Meas, p. 3",8-69 ''diameter'' rather than width and height 
floating _not_eaten ,3,95.30,88.50,66.20,255.00,NA,NA,NA,NA,3.80,NA,NA,NA,NA,NA,NA,NA,"floating - not eaten. Plant Meas, p. 4",Data from June 2007 (uaacris not eating macucu then)
floating _not_eaten ,4,114.60,119.00,94.80,460.00,NA,NA,NA,NA,3.50,NA,NA,NA,NA,NA,NA,NA,"floating - not eaten. Plant Meas, p. 5",
floating _not_eaten ,5,79.80,75.80,59.10,145.00,NA,NA,NA,NA,3.40,NA,NA,NA,NA,NA,NA,NA,"floating - not eaten. Plant Meas, p. 6",
floating _not_eaten ,6,90.80,91.60,68.60,235.00,NA,NA,NA,NA,3.80,NA,NA,NA,NA,NA,NA,NA,"floating - not eaten. Plant Meas, p. 7",
floating _not_eaten ,1,104.10,92.30,NA,320.00,176.00,55.00,70.60,63.50,NA,22.30,10.00,NA,NA,NA,NA,NA,floating - not eaten. Plant meas. P 70-73,
floating _not_eaten ,2,126.80,97.30,NA,380.00,320.00,84.20,82.30,63.10,NA,26.80,14.00,NA,NA,NA,NA,NA,floating - not eaten. Plant meas. P 70-73,
floating _not_eaten ,3,74.80,63.30,NA,150.00,107.00,71.30,50.10,22.10,NA,20.00,11.70,NA,NA,NA,NA,NA,floating - not eaten. Plant meas. P 70-73,
floating _not_eaten ,4,109.40,87.30,NA,365.00,317.00,86.80,106.20,85.20,NA,16.80,9.00,NA,NA,NA,NA,NA,floating - not eaten. Plant meas. P 70-73,
floating _not_eaten ,5,84.10,85.30,NA,287.50,243.00,84.50,55.30,24.80,NA,22.30,13.20,NA,NA,NA,NA,NA,floating - not eaten. Plant meas. P 70-73,
floating _not_eaten ,6,71.80,83.10,NA,130.00,111.00,85.40,43.80,22.10,NA,22.00,11.40,NA,NA,NA,NA,NA,floating - not eaten. Plant meas. P 70-73,
floating _not_eaten ,7,84.70,73.70,NA,187.50,123.00,65.60,53.80,26.30,NA,24.40,12.90,NA,NA,NA,NA,NA,floating - not eaten. Plant meas. P 70-73,
floating _not_eaten ,8,57.50,57.00,NA,65.00,NA,NA,NA,NA,NA,NA,NA,NA,NA,NA,NA,NA,floating - not eaten. Plant meas. P 70-73,
floating _not_eaten ,9,66.00,50.90,NA,100.00,NA,NA,NA,NA,NA,NA,NA,NA,NA,NA,NA,NA,floating - not eaten. Plant meas. P 70-73,
floating _not_eaten ,10,90.20,78.80,NA,210.00,NA,NA,NA,NA,NA,NA,NA,NA,NA,NA,NA,NA,floating - not eaten. Plant meas. P 70-73,
floating _not_eaten ,11,54.80,47.00,NA,52.50,NA,NA,NA,NA,NA,NA,NA,NA,NA,NA,NA,NA,floating - not eaten. Plant meas. P 70-73,
floating _not_eaten ,12,83.20,73.50,NA,145.00,103.00,71.00,54.70,27.00,NA,23.00,12.80,NA,NA,NA,NA,NA,floating - not eaten. Plant meas. P 70-73,
floating _not_eaten ,13,76.40,75.30,NA,195.00,NA,NA,NA,NA,NA,NA,NA,NA,NA,NA,NA,NA,floating - not eaten. Plant meas. P 70-73,
floating _not_eaten ,14,65.90,65.90,NA,130.00,NA,NA,NA,NA,NA,NA,NA,NA,NA,NA,NA,NA,floating - not eaten. Plant meas. P 70-73,
floating _not_eaten ,15,69.80,60.30,NA,115.00,87.00,75.70,45.60,40.20,NA,NA,10.60,NA,NA,NA,NA,NA,floating - not eaten. Plant meas. P 70-73,
floating _not_eaten ,16,92.60,91.60,NA,345.00,NA,NA,NA,NA,NA,NA,NA,NA,NA,NA,NA,NA,floating - not eaten. Plant meas. P 70-73,
floating _not_eaten ,17,82.30,61.30,NA,130.00,98.00,75.40,49.00,28.60,NA,21.30,12.70,NA,NA,NA,NA,NA,floating - not eaten. Plant meas. P 70-73,
floating _not_eaten ,18,88.80,86.40,NA,250.00,207.00,82.80,56.00,30.30,NA,22.10,12.50,NA,NA,NA,NA,NA,floating - not eaten. Plant meas. P 70-73,
floating _not_eaten ,19,83.80,67.40,NA,160.00,127.00,79.40,54.00,26.10,NA,22.60,13.00,NA,NA,NA,NA,NA,floating - not eaten. Plant meas. P 70-73,
floating _not_eaten ,20,91.80,83.40,NA,225.00,NA,NA,NA,NA,NA,NA,NA,NA,NA,NA,NA,NA,floating - not eaten. Plant meas. P 70-73,
floating _not_eaten ,21,NA,NA,NA,NA,NA,NA,NA,NA,NA,NA,NA,NA,NA,NA,NA,NA,floating - not eaten. Plant meas. P 70-73,
floating _not_eaten ,22,88.90,88.30,NA,223.00,NA,NA,75.40,55.20,NA,19.80,12.80,NA,NA,NA,NA,NA,floating - not eaten. Plant meas. P 70-73,
floating _not_eaten ,23,55.00,85.00,NA,175.00,NA,NA,NA,NA,NA,NA,NA,NA,NA,NA,NA,NA,floating - not eaten. Plant meas. P 70-73,
floating _not_eaten ,24,104.40,89.90,NA,430.00,380.00,88.40,72.00,60.00,NA,22.00,12.00,NA,NA,NA,NA,NA,floating - not eaten. Plant meas. P 70-73,
floating _not_eaten ,25,78.00,73.10,NA,165.00,109.50,66.40,68.80,48.90,NA,18.70,11.30,NA,NA,NA,NA,NA,floating - not eaten. Plant meas. P 70-73,
floating _not_eaten ,26,70.20,69.10,NA,120.00,NA,NA,NA,NA,NA,NA,NA,NA,NA,NA,NA,NA,floating - not eaten. Plant meas. P 70-73,
floating _not_eaten ,27,90.80,76.00,NA,205.00,NA,NA,NA,NA,NA,NA,NA,NA,NA,NA,NA,NA,floating - not eaten. Plant meas. P 70-73,
floating _not_eaten ,28,61.00,48.90,NA,70.00,NA,NA,NA,NA,NA,NA,NA,NA,NA,NA,NA,NA,floating - not eaten. Plant meas. P 70-73,
floating _not_eaten ,29,105.50,89.00,NA,340.00,294.00,86.50,73.40,61.30,NA,22.30,11.40,NA,NA,NA,NA,NA,floating - not eaten. Plant meas. P 70-73,
floating _not_eaten ,30,83.70,80.00,NA,160.00,136.00,85.00,53.80,48.20,NA,23.20,10.70,NA,NA,NA,NA,NA,floating - not eaten. Plant meas. P 70-73,
floating _not_eaten ,31,101.00,87.90,NA,320.00,NA,NA,NA,NA,NA,NA,NA,NA,NA,NA,NA,NA,floating - not eaten. Plant meas. P 70-73,
floating _not_eaten ,32,79.20,76.80,NA,117.50,85.60,NA,24.80,22.80,NA,NA,6.40,NA,NA,NA,NA,NA,floating - not eaten. Plant meas. P 70-73,
floating _not_eaten ,33,90.50,86.50,NA,180.00,NA,NA,NA,NA,NA,NA,NA,NA,NA,NA,NA,NA,floating - not eaten. Plant meas. P 70-73,
floating _not_eaten ,34,78.00,78.00,NA,200.00,161.00,NA,65.00,44.30,NA,16.50,11.90,NA,NA,NA,NA,NA,floating - not eaten. Plant meas. P 70-73,
floating _not_eaten ,35,78.80,69.10,NA,145.00,102.00,NA,63.10,47.10,NA,17.90,12.30,NA,NA,NA,NA,NA,floating - not eaten. Plant meas. P 70-73,
floating _not_eaten ,36,80.80,61.80,NA,140.00,101.00,NA,72.10,49.20,NA,16.80,12.20,NA,NA,NA,NA,NA,floating - not eaten. Plant meas. P 70-73,
floating _not_eaten ,37,89.10,69.10,NA,172.50,117.00,NA,75.30,55.60,NA,17.50,11.10,NA,NA,NA,NA,NA,floating - not eaten. Plant meas. P 70-73,
floating _not_eaten ,38,99.90,77.80,NA,270.00,238.00,NA,63.70,43.80,NA,22.20,12.10,NA,NA,NA,NA,NA,floating - not eaten. Plant meas. P 70-73,
floating _not_eaten ,39,68.90,68.30,NA,127.50,NA,NA,NA,NA,NA,NA,NA,NA,NA,NA,NA,NA,floating - not eaten. Plant meas. P 70-73,
floating _not_eaten ,40,69.50,61.20,NA,130.00,NA,NA,NA,NA,NA,NA,NA,NA,NA,NA,NA,NA,floating - not eaten. Plant meas. P 70-73,
floating _not_eaten ,41,64.40,58.00,NA,80.00,NA,NA,NA,NA,NA,NA,NA,NA,NA,NA,NA,NA,floating - not eaten. Plant meas. P 70-73,
floating _not_eaten ,42,62.50,50.00,NA,85.00,NA,NA,NA,NA,NA,NA,NA,NA,NA,NA,NA,NA,floating - not eaten. Plant meas. P 70-73,
floating _not_eaten ,43,48.80,38.60,NA,40.00,29.00,72.50,29.20,27.00,NA,17.00,7.50,NA,NA,NA,NA,NA,floating - not eaten. Plant meas. P 70-73,
floating _not_eaten ,44,75.50,55.40,NA,95.00,74.00,77.90,35.80,30.20,NA,14.50,8.60,NA,NA,NA,NA,NA,floating - not eaten. Plant meas. P 70-73,
floating _not_eaten ,45,45.20,49.20,NA,45.00,32.00,71.10,27.20,28.00,NA,16.20,7.20,NA,NA,NA,NA,NA,floating - not eaten. Plant meas. P 70-73,
floating _not_eaten ,46,52.10,55.10,NA,50.00,42.00,84.00,20.60,14.60,NA,17.00,10.40,NA,NA,NA,NA,NA,floating - not eaten. Plant meas. P 70-73,
floating _not_eaten ,47,140.40,98.80,NA,500.00,389.00,77.80,107.40,48.00,NA,27.70,11.40,NA,NA,NA,NA,NA,floating - not eaten. Plant meas. P 70-73,
floating _not_eaten ,48,80.50,93.00,NA,245.00,189.00,77.10,53.20,25.10,NA,22.00,12.40,NA,NA,NA,NA,NA,floating - not eaten. Plant meas. P 70-73,
floating _not_eaten ,49,101.20,74.50,NA,240.00,174.00,72.50,61.30,44.40,NA,21.40,11.40,NA,NA,NA,NA,NA,floating - not eaten. Plant meas. P 70-73,
floating_eaten,50,96.00,82.50,NA,240.00,162.00,67.50,52.30,53.00,NA,21.40,11.20,NA,NA,NA,NA,NA,floating - Eaten. Plant meas. P 73,Data from August 2007 (uaacris now eating macucu )
floating_eaten,51,86.80,74.60,NA,130.00,104.00,80.00,57.80,52.20,NA,17.00,8.50,NA,NA,NA,NA,NA,floating - Eaten. Plant meas. P 73,
floating_eaten,52,100.20,90.20,NA,320.00,273.00,85.30,61.00,69.40,NA,18.20,14.80,NA,NA,NA,NA,NA,floating - Eaten. Plant meas. P 73,
floating_eaten,53,NA,72.40,NA,210.00,157.00,74.80,60.50,57.60,NA,11.20,3.40,NA,NA,NA,NA,NA,floating - Eaten. Plant meas. P 73,
floating_eaten,54,93.50,62.20,NA,170.00,117.00,68.80,74.00,42.60,NA,14.40,4.20,NA,NA,NA,NA,NA,floating - Eaten. Plant meas. P 73,
floating_eaten,55,NA,60.50,NA,NA,NA,NA,NA,NA,NA,25.00,9.00,NA,NA,NA,NA,NA,floating - Eaten. Plant meas. P 73,
floating_eaten,56,74.40,70.00,NA,NA,NA,NA,NA,NA,NA,17.40,9.00,NA,NA,NA,NA,NA,floating - Eaten. Plant meas. P 73,
floating_eaten,57,NA,65.40,NA,NA,NA,NA,NA,NA,NA,18.00,NA,NA,NA,NA,NA,NA,floating - Eaten. Plant meas. P 73,
floating_eaten,58,74.00,NA,NA,NA,NA,NA,53.70,53.40,NA,16.70,7.30,NA,NA,NA,NA,NA,floating - Eaten. Plant meas. P 73,
floating_eaten,59,NA,66.10,NA,NA,NA,NA,65.50,43.60,NA,14.90,5.80,NA,NA,NA,NA,NA,floating - Eaten. Plant meas. P 73,
floating_eaten,60,NA,53.60,NA,NA,NA,NA,37.60,24.00,NA,15.40,6.60,NA,NA,NA,NA,NA,floating - Eaten. Plant meas. P 73,
floating_eaten,61,NA,67.00,NA,NA,NA,NA,68.90,47.60,NA,13.80,5.80,NA,NA,NA,NA,NA,floating - Eaten. Plant meas. P 73,
floating_eaten,62,NA,55.00,NA,NA,NA,NA,NA,34.40,NA,12.00,4.00,NA,NA,NA,NA,NA,floating - Eaten. Plant meas. P 75,
floating_eaten,63,NA,NA,NA,NA,NA,NA,NA,NA,NA,19.50,9.50,NA,NA,NA,NA,NA,floating - eaten - Plant meas 2 - p 166,Meas. Taken 10 Aug 07
floating_eaten,64,NA,NA,NA,NA,NA,NA,NA,NA,NA,19.20,9.40,NA,NA,NA,NA,NA,floating - eaten - Plant meas 2 - p 166,
floating_eaten,65,NA,NA,NA,NA,NA,NA,NA,NA,NA,25.90,12.00,NA,NA,NA,NA,NA,floating - eaten - Plant meas 2 - p 166,
floating_eaten,66,NA,NA,NA,NA,NA,NA,NA,NA,NA,21.20,16.50,NA,NA,NA,NA,NA,floating - eaten - Plant meas 2 - p 166,
floating_eaten,67,NA,NA,NA,NA,NA,NA,NA,NA,NA,20.50,15.80,NA,NA,NA,NA,NA,floating - eaten - Plant meas 2 - p 166,
floating_eaten,68,NA,NA,NA,NA,NA,NA,NA,NA,NA,18.00,14.50,NA,NA,NA,NA,NA,floating - eaten - Plant meas 2 - p 166,
floating_eaten,69,NA,NA,NA,NA,NA,NA,NA,NA,NA,27.30,11.00,NA,NA,NA,NA,NA,floating - eaten - Plant meas 2 - p 166,
floating_eaten,70,NA,NA,NA,NA,NA,NA,NA,NA,NA,27.00,17.80,NA,NA,NA,NA,NA,floating - eaten - Plant meas 2 - p 166,
floating_eaten,71,NA,NA,NA,NA,NA,NA,NA,NA,NA,18.30,15.20,NA,NA,NA,NA,NA,floating - eaten - Plant meas 2 - p 166,
floating_eaten,72,NA,NA,NA,NA,NA,NA,NA,NA,NA,23.60,13.00,NA,NA,NA,NA,NA,floating - eaten - Plant meas 2 - p 166,
floating _not_eaten ,73,79.20,65.60,NA,194.00,147.00,75.80,NA,NA,NA,NA,NA,NA,NA,NA,NA,NA,Floating - uneaten - animaniacs p.130,Aug 07
floating _not_eaten ,74,83.20,72.10,NA,171.00,127.00,74.30,NA,NA,NA,NA,NA,NA,NA,NA,NA,NA,Floating - uneaten - animaniacs p.130,
floating _not_eaten ,75,107.60,94.10,NA,314.00,268.00,85.40,NA,NA,NA,NA,NA,NA,NA,NA,NA,NA,Floating - uneaten - animaniacs p.130,
floating _not_eaten ,76,100.10,86.20,NA,296.00,248.00,83.40,NA,NA,NA,NA,NA,NA,NA,NA,NA,NA,Floating - uneaten - animaniacs p.130,
floating _not_eaten ,77,106.70,88.60,NA,386.00,336.00,87.00,NA,NA,NA,NA,NA,NA,NA,NA,NA,NA,Floating - uneaten - animaniacs p.130,
floating _not_eaten ,78,104.40,88.60,NA,336.00,279.00,83.00,NA,NA,NA,NA,NA,NA,NA,NA,NA,NA,Floating - uneaten - animaniacs p.130,
floating _not_eaten ,79,100.70,84.70,NA,301.00,235.00,78.10,NA,NA,NA,NA,NA,NA,NA,NA,NA,NA,Floating - uneaten - animaniacs p.130,
floating _not_eaten ,80,93.70,76.20,NA,246.00,177.00,71.90,NA,NA,NA,NA,NA,NA,NA,NA,NA,NA,Floating - uneaten - animaniacs p.130,
floating _not_eaten ,81,94.40,73.70,NA,237.00,171.00,72.20,NA,NA,NA,NA,NA,NA,NA,NA,NA,NA,Floating - uneaten - animaniacs p.130,
floating _not_eaten ,82,76.80,67.30,NA,197.00,152.00,77.20,NA,NA,NA,NA,NA,NA,NA,NA,NA,NA,Floating - uneaten - animaniacs p.130,
floating _not_eaten ,83,46.20,36.20,NA,121.00,76.00,62.80,NA,NA,NA,NA,NA,NA,NA,NA,NA,NA,Floating - uneaten - animaniacs p.130,
floating _not_eaten ,84,81.90,72.40,NA,159.00,129.00,81.10,NA,NA,NA,NA,NA,NA,NA,NA,NA,NA,Floating - uneaten - animaniacs p.130,
floating _not_eaten ,85,73.80,70.00,NA,178.00,121.00,68.00,NA,NA,NA,NA,NA,NA,NA,NA,NA,NA,Floating - uneaten - animaniacs p.130,
floating _not_eaten ,86,45.90,34.90,NA,120.00,102.00,93.30,NA,NA,NA,NA,NA,NA,NA,NA,NA,NA,Floating - uneaten - animaniacs p.130,
floating _not_eaten ,87,72.40,62.80,NA,172.00,134.00,77.90,NA,NA,NA,NA,NA,NA,NA,NA,NA,NA,Floating - uneaten - animaniacs p.130,
floating _not_eaten ,88,88.80,76.40,NA,217.00,182.00,83.80,NA,NA,NA,NA,NA,NA,NA,NA,NA,NA,Floating - uneaten - animaniacs p.130,
floating _not_eaten ,89,110.20,89.20,NA,417.00,362.00,86.10,NA,NA,NA,NA,NA,NA,NA,NA,NA,NA,Floating - uneaten - animaniacs p.130,
floating _not_eaten ,90,111.40,92.70,NA,415.00,359.00,86.50,NA,NA,NA,NA,NA,NA,NA,NA,NA,NA,Floating - uneaten - animaniacs p.130,
floating _not_eaten ,91,86.60,78.20,NA,210.00,176.00,83.80,NA,NA,NA,NA,NA,NA,NA,NA,NA,NA,Floating - uneaten - animaniacs p.130,
floating _not_eaten ,92,90.00,71.40,NA,200.00,170.00,85.00,NA,NA,NA,NA,NA,NA,NA,NA,NA,NA,Floating - uneaten - animaniacs p.130,
floating _not_eaten ,93,96.20,77.00,NA,261.00,229.00,87.70,NA,NA,NA,NA,NA,NA,NA,NA,NA,NA,Floating - uneaten - animaniacs p.130,
floating _not_eaten ,94,101.30,89.60,NA,100.00,84.00,84.00,NA,NA,NA,NA,NA,NA,NA,NA,NA,NA,Floating - uneaten - animaniacs p.130,
floating _not_eaten ,95,70.40,62.70,NA,167.00,129.00,77.20,NA,NA,NA,NA,NA,NA,NA,NA,NA,NA,Floating - uneaten - animaniacs p.130,
floating _not_eaten ,96,58.60,48.30,NA,178.00,133.50,75.00,NA,NA,NA,NA,NA,NA,NA,NA,NA,NA,Floating - uneaten - animaniacs p.130,
floating _not_eaten ,97,91.20,74.20,NA,207.00,171.00,82.60,NA,NA,NA,NA,NA,NA,NA,NA,NA,NA,Floating - uneaten - animaniacs p.130,
floating _not_eaten ,98,86.30,71.70,NA,212.00,174.00,82.10,NA,NA,NA,NA,NA,NA,NA,NA,NA,NA,Floating - uneaten - animaniacs p.130,
floating _not_eaten ,99,78.40,64.70,NA,191.00,155.00,81.20,NA,NA,NA,NA,NA,NA,NA,NA,NA,NA,Floating - uneaten - animaniacs p.130,
floating _not_eaten ,100,59.20,60.10,NA,174.00,120.00,68.90,NA,NA,NA,NA,NA,NA,NA,NA,NA,NA,Floating - uneaten - animaniacs p.130,
floating _not_eaten ,101,80.90,70.60,NA,214.00,167.00,78.00,NA,NA,NA,NA,NA,NA,NA,NA,NA,NA,Floating - uneaten - animaniacs p.130,
floating _not_eaten ,102,63.70,56.70,NA,182.00,124.00,68.10,NA,NA,NA,NA,NA,NA,NA,NA,NA,NA,Floating - uneaten - animaniacs p.130,
floating _not_eaten ,103,73.10,65.30,NA,180.00,151.00,83.90,NA,NA,NA,NA,NA,NA,NA,NA,NA,NA,Floating - uneaten - animaniacs p.130,
floating _not_eaten ,104,66.80,58.70,NA,179.00,143.00,79.90,NA,NA,NA,NA,NA,NA,NA,NA,NA,NA,Floating - uneaten - animaniacs p.130,
floating _not_eaten ,105,106.80,87.40,NA,428.00,372.00,76.40,NA,NA,NA,NA,NA,NA,NA,NA,NA,NA,Floating - uneaten - animaniacs p.130,
floating _not_eaten ,106,131.80,98.80,NA,478.00,428.00,89.50,NA,NA,NA,NA,NA,NA,NA,NA,NA,NA,Floating - uneaten - animaniacs p.130,
floating _not_eaten ,107,64.20,54.30,NA,176.00,128.00,72.70,NA,NA,NA,NA,NA,NA,NA,NA,NA,NA,Floating - uneaten - animaniacs p.130,
floating _not_eaten ,108,127.90,96.00,NA,438.00,370.00,84.50,NA,NA,NA,NA,NA,NA,NA,NA,NA,NA,Floating - uneaten - animaniacs p.130,
floating _not_eaten ,109,121.30,94.30,NA,439.00,270.00,61.50,NA,NA,NA,NA,NA,NA,NA,NA,NA,NA,Floating - uneaten - animaniacs p.130,
floating _not_eaten ,110,55.80,47.20,NA,174.00,142.00,82.60,NA,NA,NA,NA,NA,NA,NA,NA,NA,NA,Floating - uneaten - animaniacs p.130,
floating _not_eaten ,111,131.70,101.20,NA,466.00,422.00,90.60,NA,NA,NA,NA,NA,NA,NA,NA,NA,NA,Floating - uneaten - animaniacs p.130,
floating _not_eaten ,112,79.10,75.80,NA,188.00,158.00,84.00,NA,NA,NA,NA,NA,NA,NA,NA,NA,NA,Floating - uneaten - animaniacs p.130,
floating_eaten,113,91.70,79.40,NA,NA,NA,NA,71.90,48.40,NA,NA,NA,12.00,30.00,23.00,88.07,1.66,Floating - eaten - animaniacs p.128-129,"Notes: assembled from frags seen to fall to water as animal fed, then collected and re-assembled. "
floating_eaten,114,82.10,72.70,NA,NA,NA,NA,53.60,28.80,NA,NA,NA,10.00,24.00,17.00,22.00,0.54,Floating - eaten - animaniacs p.128-129,
floating_eaten,115,76.00,69.60,NA,NA,NA,NA,NA,NA,NA,NA,NA,NA,NA,NA,NA,NA,Floating - eaten - animaniacs p.128-129,
floating_eaten,116,101.00,91.10,NA,NA,NA,NA,86.40,75.00,NA,NA,NA,11.00,48.00,33.00,247.72,3.06,Floating - eaten - animaniacs p.128-129,
floating_eaten,117,92.90,81.60,NA,NA,NA,NA,NA,NA,NA,NA,NA,NA,NA,NA,NA,NA,Floating - eaten - animaniacs p.128-129,
floating_eaten,118,86.40,74.40,NA,NA,NA,NA,NA,NA,NA,NA,NA,NA,NA,NA,NA,NA,Floating - eaten - animaniacs p.128-129,
floating_eaten,119,78.30,70.20,NA,NA,NA,NA,57.90,29.00,NA,NA,NA,4.00,32.00,20.00,25.45,0.49,Floating - eaten - animaniacs p.128-129,
floating_eaten,120,72.80,68.50,NA,NA,NA,NA,NA,NA,NA,NA,NA,NA,NA,NA,NA,NA,Floating - eaten - animaniacs p.128-129,
floating_eaten,121,96.40,83.60,NA,NA,NA,NA,78.80,55.00,NA,NA,NA,6.00,27.00,28.00,124.18,2.58,Floating - eaten - animaniacs p.128-129,
floating_eaten,122,88.60,72.80,NA,NA,NA,NA,NA,NA,NA,NA,NA,NA,NA,NA,NA,NA,Floating - eaten - animaniacs p.128-129,
floating_eaten,123,86.50,71.10,NA,NA,NA,NA,61.80,30.50,NA,NA,NA,11.00,28.00,21.00,29.90,0.61,Floating - eaten - animaniacs p.128-129,
floating_eaten,124,84.10,73.70,NA,NA,NA,NA,NA,NA,NA,NA,NA,NA,NA,NA,NA,NA,Floating - eaten - animaniacs p.128-129,
floating_eaten,125,75.00,71.40,NA,NA,NA,NA,54.70,27.70,NA,NA,NA,9.00,42.00,28.00,21.77,0.31,Floating - eaten - animaniacs p.128-129,
floating_eaten,126,85.80,74.50,NA,NA,NA,NA,56.80,26.40,NA,NA,NA,7.00,26.00,20.00,20.73,0.45,Floating - eaten - animaniacs p.128-129,
floating_eaten,127,93.20,84.80,NA,NA,NA,NA,NA,NA,NA,NA,NA,NA,NA,NA,NA,NA,Floating - eaten - animaniacs p.128-129,
floating_eaten,128,75.50,71.30,NA,NA,NA,NA,55.70,27.50,NA,NA,NA,4.00,23.00,9.00,21.86,0.68,Floating - eaten - animaniacs p.128-129,
floating_eaten,129,83.60,73.80,NA,NA,NA,NA,NA,NA,NA,NA,NA,NA,NA,NA,NA,NA,Floating - eaten - animaniacs p.128-129,
floating_eaten,130,97.70,88.60,NA,NA,NA,NA,NA,NA,NA,NA,NA,NA,NA,NA,NA,NA,Floating - eaten - animaniacs p.128-129,
floating_eaten,131,87.10,70.20,NA,NA,NA,NA,63.20,28.40,NA,NA,NA,6.00,25.00,18.00,18.24,0.42,Floating - eaten - animaniacs p.128-129,
floating_eaten,132,69.40,54.00,NA,NA,NA,NA,46.80,29.70,NA,NA,NA,6.00,30.00,21.00,12.29,0.25,Floating - eaten - animaniacs p.128-129,
floating_eaten,133,74.30,70.10,NA,NA,NA,NA,57.00,24.90,NA,NA,NA,5.00,23.00,23.00,18.35,0.40,Floating - eaten - animaniacs p.128-129,
floating_eaten,134,76.20,68.70,NA,NA,NA,NA,NA,NA,NA,NA,NA,NA,NA,NA,NA,NA,Floating - eaten - animaniacs p.128-129,
floating_eaten,135,82.30,74.30,NA,NA,NA,NA,52.50,24.00,NA,NA,NA,10.00,29.00,12.00,15.80,0.39,Floating - eaten - animaniacs p.128-129,
floating_eaten,136,90.10,80.00,NA,NA,NA,NA,68.40,37.00,NA,NA,NA,7.00,32.00,17.00,49.02,1.01,Floating - eaten - animaniacs p.128-129,
floating_eaten,137,101.20,NA,NA,NA,NA,NA,87.80,76.40,NA,NA,NA,5.00,43.00,35.00,268.34,3.44,Floating - eaten - animaniacs p.128-129,
floating_eaten,138,86.70,NA,NA,NA,NA,NA,57.70,27.30,NA,NA,NA,5.00,34.00,26.00,22.40,0.37,Floating - eaten - animaniacs p.128-129,
floating_eaten,139,87.80,NA,NA,NA,NA,NA,59.10,28.80,NA,NA,NA,11.00,36.00,24.00,25.72,0.43,Floating - eaten - animaniacs p.128-129,
floating_eaten,140,74.80,NA,NA,NA,NA,NA,53.00,25.30,NA,NA,NA,7.00,32.00,27.00,17.90,0.31,Floating - eaten - animaniacs p.128-129,
floating_eaten,141,73.80,NA,NA,NA,NA,NA,51.70,21.40,NA,NA,NA,14.00,33.00,21.00,12.42,0.23,Floating - eaten - animaniacs p.128-129,
floating_eaten,142,87.30,NA,NA,NA,NA,NA,58.50,26.20,NA,NA,NA,9.00,40.00,28.00,21.06,0.31,Floating - eaten - animaniacs p.128-129,
floating_eaten,143,63.40,NA,NA,NA,NA,NA,44.60,25.20,NA,NA,NA,11.00,16.00,16.00,14.59,0.46,Floating - eaten - animaniacs p.128-129,
floating _not_eaten ,144,130.40,100.00,NA,346.00,NA,NA,NA,NA,3.90,22.40,18.30,NA,NA,NA,NA,NA,Floating - not eaten - Notes & Ideas ,
floating _not_eaten ,145,110.60,98.30,NA,328.00,NA,NA,NA,NA,4.10,21.30,10.60,NA,NA,NA,NA,NA,Floating - not eaten - Notes & Ideas ,
floating _not_eaten ,146,108.30,96.30,NA,307.00,NA,NA,NA,NA,4.20,21.80,11.90,NA,NA,NA,NA,NA,Floating - not eaten - Notes & Ideas ,
floating _not_eaten ,147,98.70,83.20,NA,298.00,NA,NA,NA,NA,3.50,17.40,9.20,NA,NA,NA,NA,NA,Floating - not eaten - Notes & Ideas ,
floating _not_eaten ,148,140.80,107.60,NA,407.00,NA,NA,NA,NA,4.00,26.60,15.70,NA,NA,NA,NA,NA,Floating - not eaten - Notes & Ideas ,
floating _not_eaten ,149,136.30,108.60,NA,388.00,NA,NA,NA,NA,4.30,28.40,15.70,NA,NA,NA,NA,NA,Floating - not eaten - Notes & Ideas ,
floating _not_eaten ,150,47.80,47.80,NA,48.10,NA,NA,NA,NA,4.10,8.70,4.80,NA,NA,NA,NA,NA,Floating - not eaten - Notes & Ideas ,
floating _not_eaten ,151,50.00,52.30,NA,39.70,NA,NA,NA,NA,3.80,9.10,4.60,NA,NA,NA,NA,NA,Floating - not eaten - Notes & Ideas ,
floating _not_eaten ,152,51.50,46.20,NA,47.20,NA,NA,NA,NA,3.80,10.00,4.30,NA,NA,NA,NA,NA,Floating - not eaten - Notes & Ideas ,
floating _not_eaten ,153,73.20,72.00,NA,119.40,NA,NA,NA,NA,3.70,16.80,12.20,NA,NA,NA,NA,NA,Floating - not eaten - Notes & Ideas ,
floating _not_eaten ,154,47.60,46.40,NA,44.20,NA,NA,NA,NA,4.00,9.60,5.40,NA,NA,NA,NA,NA,Floating - not eaten - Notes & Ideas ,
floating_eaten,155,86.20,62.00,NA,NA,NA,NA,NA,NA,NA,19.40,10.10,NA,NA,NA,NA,NA,Floating - eaten - Notes & Ideas,
floating_eaten,156,74.80,58.90,NA,NA,NA,NA,NA,NA,NA,17.40,9.70,NA,NA,NA,NA,NA,Floating - eaten - Notes & Ideas,
floating_eaten,157,76.30,67.10,NA,NA,NA,NA,NA,NA,NA,16.30,11.10,NA,NA,NA,NA,NA,Floating - eaten - Notes & Ideas,
floating_eaten,158,72.10,67.20,NA,NA,NA,NA,NA,NA,NA,16.50,10.50,NA,NA,NA,NA,NA,Floating - eaten - Notes & Ideas,
floating_eaten,159,69.80,58.30,NA,110.00,83.00,78.18,41.40,37.20,3.70,14.40,10.60,NA,NA,NA,NA,NA,,
floating_eaten,160,111.40,90.40,NA,385.00,329.00,85.46,109.40,85.90,4.20,23.10,13.60,NA,NA,NA,NA,NA,,dropped very soon after removel from water
floating_eaten,161,107.30,89.50,NA,362.00,298.00,82.32,98.50,78.60,4.00,17.10,10.60,NA,NA,NA,NA,NA,,
floating_eaten,162,52.10,53.10,NA,47.00,37.00,78.72,38.70,12.90,3.60,14.00,8.80,NA,NA,NA,NA,NA,,dropped on way to eating site
floating_eaten,163,104.80,82.40,NA,358.00,309.00,86.31,92.20,73.00,3.80,19.10,14.20,NA,NA,NA,NA,NA,,dropped at eating tree
floating_eaten,164,98.10,82.00,NA,345.00,210.00,60.86,87.60,74.20,3.70,23.30,14.00,NA,NA,NA,NA,NA,,dropped at start of processing 
